<?xml version="1.0" encoding="UTF-8"?>
<LanguageData>

	<Lighting_MURWallLight.label>Lámpara de pared</Lighting_MURWallLight.label>
	<Lighting_MURWallLight.description>Una lámpara diseñada para ser instalada en la pared.</Lighting_MURWallLight.description>

	<Lighting_MURWallLightRed.label>Lámpara de pared (rojo)</Lighting_MURWallLightRed.label>
	<Lighting_MURWallLightRed.description>Una lámpara diseñada para ser instalada en la pared. De color rojo.</Lighting_MURWallLightRed.description>

	<Lighting_MURWallLightGreen.label>Lámpara de pared (verde)</Lighting_MURWallLightGreen.label>
	<Lighting_MURWallLightGreen.description>Una lámpara diseñada para ser instalada en la pared. De color verde.</Lighting_MURWallLightGreen.description>

	<Lighting_MURWallLightBlue.label>Lámpara de pared (azul)</Lighting_MURWallLightBlue.label>
	<Lighting_MURWallLightBlue.description>Una lámpara diseñada para ser instalada en la pared. De color azul.</Lighting_MURWallLightBlue.description>
	
	<Lighting_MURWallSunLight.label>Lámpara solar de pared</Lighting_MURWallSunLight.label>
	<Lighting_MURWallSunLight.description>Una lámpara solar para el cultivo de plantas, diseñada para ser instalada en una pared.</Lighting_MURWallSunLight.description>

	<Lighting_MURWallLightYellow.label>Lámpara solar de pared (amarillo)</Lighting_MURWallLightYellow.label>
	<Lighting_MURWallLightYellow.description>Una lámpara diseñada para ser instalada en la pared. De color amarillo.</Lighting_MURWallLightYellow.description>

	<Lighting_MURWallLightMagenta.label>Lámpara solar de pared (magenta)</Lighting_MURWallLightMagenta.label>
	<Lighting_MURWallLightMagenta.description>Una lámpara diseñada para ser instalada en la pared. De color magenta.</Lighting_MURWallLightMagenta.description>

	<Lighting_MURWallLightCyan.label>Lámpara solar de pared (cián)</Lighting_MURWallLightCyan.label>
	<Lighting_MURWallLightCyan.description>Una lámpara diseñada para ser instalada en la pared. De color cián.</Lighting_MURWallLightCyan.description>

	<Lighting_MURWallLightRose.label>Lámpara solar de pared (rosa)</Lighting_MURWallLightRose.label>
	<Lighting_MURWallLightRose.description>Una lámpara diseñada para ser instalada en la pared. De color rosa.</Lighting_MURWallLightRose.description>

	<Lighting_MURWallLightViolet.label>Lámpara solar de pared (violeta)</Lighting_MURWallLightViolet.label>
	<Lighting_MURWallLightViolet.description>Una lámpara diseñada para ser instalada en la pared. De color violeta.</Lighting_MURWallLightViolet.description>

	<Lighting_MURWallLightAzure.label>Lámpara solar de pared (azure)</Lighting_MURWallLightAzure.label>
	<Lighting_MURWallLightAzure.description>Una lámpara diseñada para ser instalada en la pared. De color azure.</Lighting_MURWallLightAzure.description>

	<Lighting_MURWallLightSpringGreen.label>Lámpara solar de pared (verde primaveral)</Lighting_MURWallLightSpringGreen.label>
	<Lighting_MURWallLightSpringGreen.description>Una lámpara diseñada para ser instalada en la pared. De color verde primaveral.</Lighting_MURWallLightSpringGreen.description>

	<Lighting_MURWallLightChartreuse.label>Lámpara solar de pared (cartujo)</Lighting_MURWallLightChartreuse.label>
	<Lighting_MURWallLightChartreuse.description>Una lámpara diseñada para ser instalada en la pared. De color cartujo.</Lighting_MURWallLightChartreuse.description>

	<Lighting_MURWallLightOrange.label>Lámpara solar de pared (naranja)</Lighting_MURWallLightOrange.label>
	<Lighting_MURWallLightOrange.description>Una lámpara diseñada para ser instalada en la pared. De color naranja.</Lighting_MURWallLightOrange.description>

</LanguageData>
