<?xml version="1.0" encoding="utf-8" ?>
<LanguageData>
	<MURWallLight>WallLight (Lámpara de pared)</MURWallLight>
	<MURWallLight_LightRadName>Radio de luz</MURWallLight_LightRadName>
	<MURWallLight_EnableWallLightName>Activar lámpara de pared</MURWallLight_EnableWallLightName>
	<MURWallLight_EnableWallLightDesc>Si esto se marca, la lámpara de la pared y sus variantes de color estarán disponibles para ser construidas.</MURWallLight_EnableWallLightDesc>
	<MURWallLight_LightRadDesc>A qué distancia la luz irradia de la fuente. Por defecto: 8</MURWallLight_LightRadDesc>
	<MURWallLight_SteelCostName>Coste de acero</MURWallLight_SteelCostName>
	<MURWallLight_SteelCostDesc>Cuánto acero cuesta construir una sola lámpara. Por defecto: 5</MURWallLight_SteelCostDesc>
	<MURWallLight_PowerCostName>Coste energético</MURWallLight_PowerCostName>
	<MURWallLight_PowerCostDesc>Cuánta energía consume una sola lámpara de pared. Por defecto: 10</MURWallLight_PowerCostDesc>
	<MURWallLight_ShowRadiusName>Mostrar el área iluminada</MURWallLight_ShowRadiusName>
	<MURWallLight_ShowRadiusDesc>Cuando se coloca una lámpara de pared se mostrará el área aproximada que será iluminada y el área de la habitación que se considera actualmente iluminada (por encima del 30% de luz).</MURWallLight_ShowRadiusDesc>
	<MURWallLight_ShowFacingName>Mostrar dirección frontal</MURWallLight_ShowFacingName>
	<MURWallLight_ShowFacingDesc>Muestra la dirección en la que la lámpara está orientada en el nombre de la lámpara de pared. (N, S, O, E).</MURWallLight_ShowFacingDesc>
		
	<MURWallLight_ExtraColorsName>Colores adicionales</MURWallLight_ExtraColorsName>
	<MURWallLight_ExtraColorsDesc>Habilita los colores extendidos de SineSwiper, añade luces de colores: Amarillo, magenta, cián, rosa, violeta, azure, verde primaveral, cartujo y naranja.</MURWallLight_ExtraColorsDesc>

	<MURWallLight_WarningNeedWall>Must be placed over a wall.</MURWallLight_WarningNeedWall>
	<MURWallLight_WarningNeedWall>Debe ser colocado en una pared.</MURWallLight_WarningNeedWall>
	<MURWallLight_WarningBlocked>Debe estar frente a una baldosa transitable.</MURWallLight_WarningBlocked>
	<MURWallLight_WarningBoth>Debe ser colocado en una pared, de cara a una baldosa transitable.</MURWallLight_WarningBoth>
	
	<MURWallLight_AlertReload>Por favor, guarde y cargue el juego para que los cambios surtan efecto.</MURWallLight_AlertReload>
	<MURWallLight_AlertUpdate>Actualizado desde una versión antigua de Wall Light(Lámpara de pared). Por favor, dad a las luces un momento para volver a encenderse.</MURWallLight_AlertUpdate>
	<MURWallLight_AlertRestart>Por favor, reinicie Rimworld para que los cambios surtan efecto.</MURWallLight_AlertRestart>
	
	<MURWallLight_DestroyedBlocked>Lámpara destruida durante la construcción.</MURWallLight_DestroyedBlocked>
	<MURWallLight_DestroyedWall>Lámpara destruida por la destrucción de la pared.</MURWallLight_DestroyedWall>
	
	<MURWallLight_TagNorth>N</MURWallLight_TagNorth>
	<MURWallLight_TagSouth>S</MURWallLight_TagSouth>
	<MURWallLight_TagWest>O</MURWallLight_TagWest>
	<MURWallLight_TagEast>E</MURWallLight_TagEast>
	
	<MURWallLight_EnableSunName>Activar lámpara solar de pared</MURWallLight_EnableSunName>
	<MURWallLight_EnableSunDesc>Si esto se marca, la lámpara solar de pared estará disponible para su construcción.</MURWallLight_EnableSunDesc>
	<MURWallLight_SunLightRadName>El radio intensamente iluminado</MURWallLight_SunLightRadName>
	<MURWallLight_SunLightRadDesc>El rango que se considerará intensamente iluminado y que permitirá que las plantas crezcan. Por defecto: 5</MURWallLight_SunLightRadDesc>
	<MURWallLight_SunSteelCostName>Coste de acero</MURWallLight_SunSteelCostName>
	<MURWallLight_SunSteelCostDesc>Cuánto acero cuesta construir una sola lámpara solar de pared. Por defecto: 10</MURWallLight_SunSteelCostDesc>
	<MURWallLight_SunPowerCostName>Coste energético</MURWallLight_SunPowerCostName>
	<MURWallLight_SunPowerCostDesc>>Cuánto acero cuesta construir una sola lámpara solar de pared. Por defecto: 600</MURWallLight_SunPowerCostDesc>
	<MURWallLight_DisableRestName>Desactivar períodos de descanso</MURWallLight_DisableRestName>
	<MURWallLight_DisableRestDesc>Si se marca, la lámpara solar de pared no se apagará durante el período de descanso predeterminado de las plantas.</MURWallLight_DisableRestDesc>
	<MURWallLight_WhiteModeName>Modo blanco</MURWallLight_WhiteModeName>
	<MURWallLight_WhiteModeDesc>Sustituye el color púrpura intenso de la lámpara solar de pared por un color blanco suave.</MURWallLight_WhiteModeDesc>
</LanguageData>
